precision,accuracy,recall,duration
0.6142311886586695,0.9094202898550725,0.5858079049764489,2216.565934896469
